Workbook

Sheet INDEX LIST
A1: Category | B1: Current Term | C1: Current Variants | D1: Standard EN | E1: Standard EN Short | F1: Korean Meaning | G1: Note | H1: Card Row | I1: Search Name | J1: Use In | K1: Use Out | L1: Image

Sheet DATABASE
A1: ID | B1: Category | C1: Current Term | D1: Standard EN | E1: Korean Meaning | F1: Notes / Source | G1: Card Link | H1: Card Row
A2: 1 | B2: EDGE | C2: 가이루빠 | D2: Cover Stitch (3-needle 5-thread Cover Stitch) | E2: 커버 스티치 (봉제 마감용) | G2: =HYPERLINK("#'TERM CARDS'!A5","View card") -> View card | H2: 5
A3: 2 | B3: EDGE | C3: 오드람쁘(오드람프) | D3: 4-Needle 6-Thread Cover Stitch (Wide Cover Stitch) | E3: 4바늘 6실 커버 스티치 (와이드 커버) | G3: =HYPERLINK("#'TERM CARDS'!A27","View card") -> View card | H3: 27
A4: 3 | B4: CLOSURE | C4: 나나인찌 | D4: Buttonhole (Keyhole / Straight Buttonhole) | E4: 단춧구멍 | G4: =HYPERLINK("#'TERM CARDS'!A71","View card") -> View card | H4: 71
A5: 4 | B5: EDGE | C5: 하마고리 | D5: Scallop Stitch (Shell / Scallop Edge Finish) | E5: 스캘럽 스티치 (조개 모양 가장자리) | G5: =HYPERLINK("#'TERM CARDS'!A93","View card") -> View card | H5: 93
A6: 5 | B6: EDGE | C6: 수소(스쿠이) | D6: Blind Stitch (Invisible Hem Stitch) | E6: 블라인드 스티치 (안 보이는 단 처리) | G6: =HYPERLINK("#'TERM CARDS'!A115","View card") -> View card | H6: 115
A7: 6 | B7: PART | C7: 에리 | D7: Collar (Neckline Collar / Collar Stand) | E7: 칼라 / 깃 | G7: =HYPERLINK("#'TERM CARDS'!A181","View card") -> View card | H7: 181
A8: 7 | B8: JOIN | C8: 와끼 | D8: Side Seam (Lateral Body Seam) | E8: 옆선 봉제 / 사이드 솔기 | G8: =HYPERLINK("#'TERM CARDS'!A203","View card") -> View card | H8: 203
A9: 8 | B9: PART | C9: 랍빠 | D9: Binder (Bias Binder / Tape Binder / Binder Attachment) | E9: 바인더 / 바이어스 테이프 처리 | G9: =HYPERLINK("#'TERM CARDS'!A247","View card") -> View card | H9: 247
A10: 9 | B10: TRIM | C10: 삥줄 | D10: Piping (Welt Piping / Cord Piping) | E10: 파이핑 / 코드 장식줄 | G10: =HYPERLINK("#'TERM CARDS'!A269","View card") -> View card | H10: 269
A11: 10 | B11: CLOSURE | C11: 단추달기 / 단춧구멍 / 바텍 | D11: Button Sewing / Buttonhole / Bartack | E11: 단추 부착 / 단춧구멍 가공 / 보강 박음 | G11: =HYPERLINK("#'TERM CARDS'!A291","View card") -> View card | H11: 291
A12: 11 | B12: STITCH | C12: 본봉 | D12: Lockstitch | E12: 윗실과 밑실이 맞물리는 기본 봉제 | G12: =HYPERLINK("#'TERM CARDS'!A313","View card") -> View card | H12: 313
A13: 12 | B13: STITCH | C13: 외줄 삼봉 | D13: Single-Needle Chain Stitch | E13: 바늘 1개로 형성하는 체인 스티치 | G13: =HYPERLINK("#'TERM CARDS'!A335","View card") -> View card | H13: 335
A14: 13 | B14: STITCH | C14: 두줄 삼봉 | D14: 2-Needle Bottom Cover Stitch | E14: 바늘 2개로 만드는 밑면 커버 스티치 | G14: =HYPERLINK("#'TERM CARDS'!A357","View card") -> View card | H14: 357
A15: 14 | B15: STITCH | C15: 세줄삼봉 | D15: 3-Needle Bottom Cover Stitch | E15: 바늘 3개로 만드는 밑면 커버 스티치 | G15: =HYPERLINK("#'TERM CARDS'!A379","View card") -> View card | H15: 379
A16: 15 | B16: STITCH | C16: 지그재그 스티치 / 1단 지그재그 | D16: Zigzag Stitch (Single-Step Zigzag) | E16: 좌우로 교차하는 지그재그 봉제 | G16: =HYPERLINK("#'TERM CARDS'!A467","View card") -> View card | H16: 467
A17: 16 | B17: EDGE | C17: 휩 블랭크 | D17: Whip / Blanket Stitch | E17: 가장자리를 감싸는 블랭킷 마감 스티치 | G17: =HYPERLINK("#'TERM CARDS'!A511","View card") -> View card | H17: 511
A18: 17 | B18: EDGE | C18: 피콧스티치 | D18: Picot Stitch | E18: 작은 고리 또는 점 장식의 가장자리 마감 | G18: =HYPERLINK("#'TERM CARDS'!A599","View card") -> View card | H18: 599
A19: 18 | B19: PART | C19: 스파게티 스트랩 | D19: Spaghetti Strap / Cord Tube | E19: 얇은 튜브형 끈 또는 어깨끈 | G19: =HYPERLINK("#'TERM CARDS'!A621","View card") -> View card | H19: 621
A20: 19 | B20: JOIN | C20: 합봉 | D20: Joining Seam (Basic Seam Joining) | E20: 합봉 / 솔기 연결 (원단을 서로 이어 봉제) | G20: =HYPERLINK("#'TERM CARDS'!A643","View card") -> View card | H20: 643
A21: 20 | B21: STITCH | C21: 탑스티치 | D21: Topstitch (Visible Surface Stitch) | E21: 탑스티치 / 겉면 박음질 (겉에서 보이는 장식·고정 스티치) | G21: =HYPERLINK("#'TERM CARDS'!A687","View card") -> View card | H21: 687
A22: 21 | B22: STITCH | C22: 엣지스티치 | D22: Edge Stitch (Stitch Close to Edge) | E22: 엣지 스티치 / 가장자리 박음 (단 가까이에 놓는 스티치) | G22: =HYPERLINK("#'TERM CARDS'!A709","View card") -> View card | H22: 709
A23: 22 | B23: STITCH | C23: 2줄다꼬 / 3줄다꼬 | D23: 2-Row / 3-Row Chain Stitch | E23: 2줄·3줄 다꼬 / 체인 스티치 (2줄 또는 3줄 체인 봉제) | G23: =HYPERLINK("#'TERM CARDS'!A731","View card") -> View card | H23: 731
A24: 23 | B24: STITCH | C24: 갈라삼봉 | D24: Track Stitch (Split Cover Stitch) | E24: 갈라삼봉 / 트랙 스티치 (절개 양쪽에 놓는 커버 스티치) | G24: =HYPERLINK("#'TERM CARDS'!A753","View card") -> View card | H24: 753
A25: 24 | B25: EDGE | C25: 메로우 / 레터스엣지 | D25: Merrow / Lettuce Edge | E25: 메로우 / 레터스 에지 (물결 모양 가장자리 마감) | G25: =HYPERLINK("#'TERM CARDS'!A775","View card") -> View card | H25: 775
A26: 25 | B26: EDGE | C26: 로우엣지 | D26: Raw Edge (Unfinished Cut Edge) | E26: 로우 에지 / 미완성 단 (자른 가장자리를 그대로 둔 마감) | G26: =HYPERLINK("#'TERM CARDS'!A797","View card") -> View card | H26: 797
A27: 26 | B27: SHAPE | C27: 셔링 | D27: Shirring (Gathered Stitch Rows) | E27: 셔링 (여러 줄 스티치로 잡는 잔주름) | G27: =HYPERLINK("#'TERM CARDS'!A819","View card") -> View card | H27: 819
A28: 27 | B28: TRIM | C28: 통통 D.C | D28: Bulky Drawcord (Thick / Padded Drawcord) | E28: 통통한 드로코드 (후드·허리밴드·넥라인 조임용 끈) | G28: =HYPERLINK("#'TERM CARDS'!A841","View card") -> View card | H28: 841
A29: 28 | B29: SHAPE | C29: 씬칭 | D29: Cinching (Drawn-In Gathered Detail) | E29: 씬칭 / 조임 디테일 (끈·밴드로 안쪽으로 조여 잡는 처리) | G29: =HYPERLINK("#'TERM CARDS'!A863","View card") -> View card | H29: 863
A30: 29 | B30: TRIM | C30: 모빌롱 | D30: Mobilon Tape (Clear Elastic Stabilizer) | E30: 모빌론 테이프 / 투명 탄성 테이프 (늘어짐 방지용 보강 부자재) | G30: =HYPERLINK("#'TERM CARDS'!A885","View card") -> View card | H30: 885
A31: 30 | B31: TRIM | C31: 링슬 | D31: Strap Ring & Slider (Lingerie Strap Adjuster Hardware) | E31: 스트랩 링 & 슬라이더 (얇은 스트랩의 연결 및 길이 조절용 부자재) | G31: =HYPERLINK("#'TERM CARDS'!A907","View card") -> View card | H31: 907
A32: 31 | B32: EDGE | C32: 마이터 | D32: Mitered Corner (Mitered Binding Finish) | E32: 마이터 / 사선 접어 마감 (바인딩·테이프 끝을 사선으로 접어 깔끔하게 처리하는 디테일) | G32: =HYPERLINK("#'TERM CARDS'!A929","View card") -> View card | H32: 929

Sheet LISTS
A1: Categories | C1: Terms | E1: Key | F1: Category | G1: Current Term | H1: Standard EN | I1: Korean Meaning | J1: Card Row | L1: ITEM OPTIONS BY CATEGORY
A2: ALL | C2: ALL ITEMS | E2: EDGE|1 | F2: EDGE | G2: 가이루빠 | H2: Cover Stitch (3-needle 5-thread Cover Stitch) | I2: 커버 스티치 (봉제 마감용) | J2: 5 | L2: ALL ITEMS
A3: JOIN | C3: 가이루빠 | E3: EDGE|2 | F3: EDGE | G3: 오드람쁘(오드람프) | H3: 4-Needle 6-Thread Cover Stitch (Wide Cover Stitch) | I3: 4바늘 6실 커버 스티치 (와이드 커버) | J3: 27 | L3: =IF(#REF!="ALL",IFERROR(INDEX(DATABASE!$C$2:$C$32,ROWS($L$3:L3)),""),IFERROR(INDEX($G$2:$G$32,MATCH(#REF!&"|"&ROWS($L$3:L3),$E$2:$E$32,0)),"")) -> #REF!
A4: EDGE | C4: 오드람쁘(오드람프) | E4: CLOSURE|1 | F4: CLOSURE | G4: 나나인찌 | H4: Buttonhole (Keyhole / Straight Buttonhole) | I4: 단춧구멍 | J4: 71 | L4: =IF(#REF!="ALL",IFERROR(INDEX(DATABASE!$C$2:$C$32,ROWS($L$3:L4)),""),IFERROR(INDEX($G$2:$G$32,MATCH(#REF!&"|"&ROWS($L$3:L4),$E$2:$E$32,0)),"")) -> #REF!
A5: STITCH | C5: 나나인찌 | E5: EDGE|3 | F5: EDGE | G5: 하마고리 | H5: Scallop Stitch (Shell / Scallop Edge Finish) | I5: 스캘럽 스티치 (조개 모양 가장자리) | J5: 93 | L5: =IF(#REF!="ALL",IFERROR(INDEX(DATABASE!$C$2:$C$32,ROWS($L$3:L5)),""),IFERROR(INDEX($G$2:$G$32,MATCH(#REF!&"|"&ROWS($L$3:L5),$E$2:$E$32,0)),"")) -> #REF!
A6: SHAPE | C6: 하마고리 | E6: EDGE|4 | F6: EDGE | G6: 수소(스쿠이) | H6: Blind Stitch (Invisible Hem Stitch) | I6: 블라인드 스티치 (안 보이는 단 처리) | J6: 115 | L6: =IF(#REF!="ALL",IFERROR(INDEX(DATABASE!$C$2:$C$32,ROWS($L$3:L6)),""),IFERROR(INDEX($G$2:$G$32,MATCH(#REF!&"|"&ROWS($L$3:L6),$E$2:$E$32,0)),"")) -> #REF!
A7: CLOSURE | C7: 수소(스쿠이) | E7: PART|1 | F7: PART | G7: 에리 | H7: Collar (Neckline Collar / Collar Stand) | I7: 칼라 / 깃 | J7: 181 | L7: =IF(#REF!="ALL",IFERROR(INDEX(DATABASE!$C$2:$C$32,ROWS($L$3:L7)),""),IFERROR(INDEX($G$2:$G$32,MATCH(#REF!&"|"&ROWS($L$3:L7),$E$2:$E$32,0)),"")) -> #REF!
A8: TRIM | C8: 에리 | E8: JOIN|1 | F8: JOIN | G8: 와끼 | H8: Side Seam (Lateral Body Seam) | I8: 옆선 봉제 / 사이드 솔기 | J8: 203 | L8: =IF(#REF!="ALL",IFERROR(INDEX(DATABASE!$C$2:$C$32,ROWS($L$3:L8)),""),IFERROR(INDEX($G$2:$G$32,MATCH(#REF!&"|"&ROWS($L$3:L8),$E$2:$E$32,0)),"")) -> #REF!
A9: PART | C9: 와끼 | E9: PART|2 | F9: PART | G9: 랍빠 | H9: Binder (Bias Binder / Tape Binder / Binder Attachment) | I9: 바인더 / 바이어스 테이프 처리 | J9: 247 | L9: =IF(#REF!="ALL",IFERROR(INDEX(DATABASE!$C$2:$C$32,ROWS($L$3:L9)),""),IFERROR(INDEX($G$2:$G$32,MATCH(#REF!&"|"&ROWS($L$3:L9),$E$2:$E$32,0)),"")) -> #REF!
A10: GUIDE | C10: 랍빠 | E10: TRIM|1 | F10: TRIM | G10: 삥줄 | H10: Piping (Welt Piping / Cord Piping) | I10: 파이핑 / 코드 장식줄 | J10: 269 | L10: =IF(#REF!="ALL",IFERROR(INDEX(DATABASE!$C$2:$C$32,ROWS($L$3:L10)),""),IFERROR(INDEX($G$2:$G$32,MATCH(#REF!&"|"&ROWS($L$3:L10),$E$2:$E$32,0)),"")) -> #REF!
C11: 삥줄 | E11: CLOSURE|2 | F11: CLOSURE | G11: 단추달기 / 단춧구멍 / 바텍 | H11: Button Sewing / Buttonhole / Bartack | I11: 단추 부착 / 단춧구멍 가공 / 보강 박음 | J11: 291 | L11: =IF(#REF!="ALL",IFERROR(INDEX(DATABASE!$C$2:$C$32,ROWS($L$3:L11)),""),IFERROR(INDEX($G$2:$G$32,MATCH(#REF!&"|"&ROWS($L$3:L11),$E$2:$E$32,0)),"")) -> #REF!
C12: 단추달기 / 단춧구멍 / 바텍 | E12: STITCH|1 | F12: STITCH | G12: 본봉 | H12: Lockstitch | I12: 윗실과 밑실이 맞물리는 기본 봉제 | J12: 313 | L12: =IF(#REF!="ALL",IFERROR(INDEX(DATABASE!$C$2:$C$32,ROWS($L$3:L12)),""),IFERROR(INDEX($G$2:$G$32,MATCH(#REF!&"|"&ROWS($L$3:L12),$E$2:$E$32,0)),"")) -> #REF!
C13: 본봉 | E13: STITCH|2 | F13: STITCH | G13: 외줄 삼봉 | H13: Single-Needle Chain Stitch | I13: 바늘 1개로 형성하는 체인 스티치 | J13: 335 | L13: =IF(#REF!="ALL",IFERROR(INDEX(DATABASE!$C$2:$C$32,ROWS($L$3:L13)),""),IFERROR(INDEX($G$2:$G$32,MATCH(#REF!&"|"&ROWS($L$3:L13),$E$2:$E$32,0)),"")) -> #REF!
C14: 외줄 삼봉 | E14: STITCH|3 | F14: STITCH | G14: 두줄 삼봉 | H14: 2-Needle Bottom Cover Stitch | I14: 바늘 2개로 만드는 밑면 커버 스티치 | J14: 357 | L14: =IF(#REF!="ALL",IFERROR(INDEX(DATABASE!$C$2:$C$32,ROWS($L$3:L14)),""),IFERROR(INDEX($G$2:$G$32,MATCH(#REF!&"|"&ROWS($L$3:L14),$E$2:$E$32,0)),"")) -> #REF!
C15: 두줄 삼봉 | E15: STITCH|4 | F15: STITCH | G15: 세줄삼봉 | H15: 3-Needle Bottom Cover Stitch | I15: 바늘 3개로 만드는 밑면 커버 스티치 | J15: 379 | L15: =IF(#REF!="ALL",IFERROR(INDEX(DATABASE!$C$2:$C$32,ROWS($L$3:L15)),""),IFERROR(INDEX($G$2:$G$32,MATCH(#REF!&"|"&ROWS($L$3:L15),$E$2:$E$32,0)),"")) -> #REF!
C16: 세줄삼봉 | E16: STITCH|5 | F16: STITCH | G16: 지그재그 스티치 / 1단 지그재그 | H16: Zigzag Stitch (Single-Step Zigzag) | I16: 좌우로 교차하는 지그재그 봉제 | J16: 467 | L16: =IF(#REF!="ALL",IFERROR(INDEX(DATABASE!$C$2:$C$32,ROWS($L$3:L16)),""),IFERROR(INDEX($G$2:$G$32,MATCH(#REF!&"|"&ROWS($L$3:L16),$E$2:$E$32,0)),"")) -> #REF!
C17: 지그재그 스티치 / 1단 지그재그 | E17: EDGE|5 | F17: EDGE | G17: 휩 블랭크 | H17: Whip / Blanket Stitch | I17: 가장자리를 감싸는 블랭킷 마감 스티치 | J17: 511 | L17: =IF(#REF!="ALL",IFERROR(INDEX(DATABASE!$C$2:$C$32,ROWS($L$3:L17)),""),IFERROR(INDEX($G$2:$G$32,MATCH(#REF!&"|"&ROWS($L$3:L17),$E$2:$E$32,0)),"")) -> #REF!
C18: 휩 블랭크 | E18: EDGE|6 | F18: EDGE | G18: 피콧스티치 | H18: Picot Stitch | I18: 작은 고리 또는 점 장식의 가장자리 마감 | J18: 599 | L18: =IF(#REF!="ALL",IFERROR(INDEX(DATABASE!$C$2:$C$32,ROWS($L$3:L18)),""),IFERROR(INDEX($G$2:$G$32,MATCH(#REF!&"|"&ROWS($L$3:L18),$E$2:$E$32,0)),"")) -> #REF!
C19: 피콧스티치 | E19: PART|3 | F19: PART | G19: 스파게티 스트랩 | H19: Spaghetti Strap / Cord Tube | I19: 얇은 튜브형 끈 또는 어깨끈 | J19: 621 | L19: =IF(#REF!="ALL",IFERROR(INDEX(DATABASE!$C$2:$C$32,ROWS($L$3:L19)),""),IFERROR(INDEX($G$2:$G$32,MATCH(#REF!&"|"&ROWS($L$3:L19),$E$2:$E$32,0)),"")) -> #REF!
C20: 스파게티 스트랩 | E20: JOIN|2 | F20: JOIN | G20: 합봉 | H20: Joining Seam (Basic Seam Joining) | I20: 합봉 / 솔기 연결 (원단을 서로 이어 봉제) | J20: 643 | L20: =IF(#REF!="ALL",IFERROR(INDEX(DATABASE!$C$2:$C$32,ROWS($L$3:L20)),""),IFERROR(INDEX($G$2:$G$32,MATCH(#REF!&"|"&ROWS($L$3:L20),$E$2:$E$32,0)),"")) -> #REF!
C21: 합봉 | E21: STITCH|6 | F21: STITCH | G21: 탑스티치 | H21: Topstitch (Visible Surface Stitch) | I21: 탑스티치 / 겉면 박음질 (겉에서 보이는 장식·고정 스티치) | J21: 687 | L21: =IF(#REF!="ALL",IFERROR(INDEX(DATABASE!$C$2:$C$32,ROWS($L$3:L21)),""),IFERROR(INDEX($G$2:$G$32,MATCH(#REF!&"|"&ROWS($L$3:L21),$E$2:$E$32,0)),"")) -> #REF!
C22: 탑스티치 | E22: STITCH|7 | F22: STITCH | G22: 엣지스티치 | H22: Edge Stitch (Stitch Close to Edge) | I22: 엣지 스티치 / 가장자리 박음 (단 가까이에 놓는 스티치) | J22: 709 | L22: =IF(#REF!="ALL",IFERROR(INDEX(DATABASE!$C$2:$C$32,ROWS($L$3:L22)),""),IFERROR(INDEX($G$2:$G$32,MATCH(#REF!&"|"&ROWS($L$3:L22),$E$2:$E$32,0)),"")) -> #REF!
... C32: 링슬 | E32: EDGE|9 | F32: EDGE | G32: 마이터 | H32: Mitered Corner (Mitered Binding Finish) | I32: 마이터 / 사선 접어 마감 (바인딩·테이프 끝을 사선으로 접어 깔끔하게 처리하는 디테일) | J32: 929 | L32: =IF(#REF!="ALL",IFERROR(INDEX(DATABASE!$C$2:$C$32,ROWS($L$3:L32)),""),IFERROR(INDEX($G$2:$G$32,MATCH(#REF!&"|"&ROWS($L$3:L32),$E$2:$E$32,0)),"")) -> #REF!
C33: 마이터 | L33: =IF(#REF!="ALL",IFERROR(INDEX(DATABASE!$C$2:$C$32,ROWS($L$3:L33)),""),IFERROR(INDEX($G$2:$G$32,MATCH(#REF!&"|"&ROWS($L$3:L33),$E$2:$E$32,0)),"")) -> #REF!
L34: =IF(#REF!="ALL",IFERROR(INDEX(DATABASE!$C$2:$C$32,ROWS($L$3:L34)),""),IFERROR(INDEX($G$2:$G$32,MATCH(#REF!&"|"&ROWS($L$3:L34),$E$2:$E$32,0)),"")) -> #REF!
L35: =IF(#REF!="ALL",IFERROR(INDEX(DATABASE!$C$2:$C$32,ROWS($L$3:L35)),""),IFERROR(INDEX($G$2:$G$32,MATCH(#REF!&"|"&ROWS($L$3:L35),$E$2:$E$32,0)),"")) -> #REF!
L36: =IF(#REF!="ALL",IFERROR(INDEX(DATABASE!$C$2:$C$32,ROWS($L$3:L36)),""),IFERROR(INDEX($G$2:$G$32,MATCH(#REF!&"|"&ROWS($L$3:L36),$E$2:$E$32,0)),"")) -> #REF!
L37: =IF(#REF!="ALL",IFERROR(INDEX(DATABASE!$C$2:$C$32,ROWS($L$3:L37)),""),IFERROR(INDEX($G$2:$G$32,MATCH(#REF!&"|"&ROWS($L$3:L37),$E$2:$E$32,0)),"")) -> #REF!
L38: =IF(#REF!="ALL",IFERROR(INDEX(DATABASE!$C$2:$C$32,ROWS($L$3:L38)),""),IFERROR(INDEX($G$2:$G$32,MATCH(#REF!&"|"&ROWS($L$3:L38),$E$2:$E$32,0)),"")) -> #REF!
L39: =IF(#REF!="ALL",IFERROR(INDEX(DATABASE!$C$2:$C$32,ROWS($L$3:L39)),""),IFERROR(INDEX($G$2:$G$32,MATCH(#REF!&"|"&ROWS($L$3:L39),$E$2:$E$32,0)),"")) -> #REF!
L40: =IF(#REF!="ALL",IFERROR(INDEX(DATABASE!$C$2:$C$32,ROWS($L$3:L40)),""),IFERROR(INDEX($G$2:$G$32,MATCH(#REF!&"|"&ROWS($L$3:L40),$E$2:$E$32,0)),"")) -> #REF!
L41: =IF(#REF!="ALL",IFERROR(INDEX(DATABASE!$C$2:$C$32,ROWS($L$3:L41)),""),IFERROR(INDEX($G$2:$G$32,MATCH(#REF!&"|"&ROWS($L$3:L41),$E$2:$E$32,0)),"")) -> #REF!
L42: =IF(#REF!="ALL",IFERROR(INDEX(DATABASE!$C$2:$C$32,ROWS($L$3:L42)),""),IFERROR(INDEX($G$2:$G$32,MATCH(#REF!&"|"&ROWS($L$3:L42),$E$2:$E$32,0)),"")) -> #REF!
L43: =IF(#REF!="ALL",IFERROR(INDEX(DATABASE!$C$2:$C$32,ROWS($L$3:L43)),""),IFERROR(INDEX($G$2:$G$32,MATCH(#REF!&"|"&ROWS($L$3:L43),$E$2:$E$32,0)),"")) -> #REF!
L44: =IF(#REF!="ALL",IFERROR(INDEX(DATABASE!$C$2:$C$32,ROWS($L$3:L44)),""),IFERROR(INDEX($G$2:$G$32,MATCH(#REF!&"|"&ROWS($L$3:L44),$E$2:$E$32,0)),"")) -> #REF!
